,R_Square,adjusted_R_Square,MSE
1,0.697900661,0.682274833,18.8248372
