"","R-squared","Adjusted R-squared","MSE","p.value"
"m1",0.682078353906296,0.713349335489284,18.8738968318721,0.355907223075989
"m2",0.685486349440867,0.700954233894595,18.6715760496501,0.0746663456514527
